INSERT OR IGNORE INTO category (id, name, description) VALUES
(1, '食堂', '食堂营业时间、窗口、支付和就餐问题'),
(2, '图书馆', '图书借阅、开放时间、座位和入馆规则'),
(3, '宿舍报修', '宿舍维修、水电、网络和生活设施问题'),
(4, '校园卡', '校园卡挂失、补办、充值和消费问题'),
(5, '打印', '校内打印点、价格和开放时间'),
(6, '社团', '社团招新、报名和活动问题'),
(7, '校历', '校历、教学周、考试周和放假安排'),
(8, '未分类', '尚未归类的问题');

INSERT OR IGNORE INTO faq (id, question, answer, category_id, source, source_url, view_count) VALUES
(1, '食堂几点开门？', '食堂一般在早餐、午餐和晚餐时段开放，具体开放时间以各食堂公告为准。', 1, '人工整理', NULL, 21),
(2, '食堂几点关门？', '多数食堂晚餐后关闭，部分窗口可能提供夜宵服务，建议查看食堂门口公告。', 1, '人工整理', NULL, 28),
(3, '食堂可以用校园卡支付吗？', '食堂通常支持校园卡支付，部分窗口也支持移动支付。', 1, '人工整理', NULL, 17),
(4, '食堂可以外带吗？', '大多数窗口支持外带，具体打包要求和餐盒收费以食堂现场说明为准。', 1, '人工整理', NULL, 10),
(5, '图书馆什么时候开放？', '图书馆通常在工作日和周末白天开放，节假日安排以图书馆公告为准。', 2, '图书馆公告', NULL, 35),
(6, '图书馆怎么借书？', '学生凭校园卡或学生身份信息入馆，按图书馆借阅流程办理借书。', 2, '图书馆公告', NULL, 26),
(7, '图书馆座位需要预约吗？', '部分阅览区可能需要预约，具体以图书馆座位管理系统规则为准。', 2, '图书馆公告', NULL, 19),
(8, '宿舍坏了怎么报修？', '可通过后勤报修平台或宿管处登记维修问题，填写宿舍号和故障描述。', 3, '后勤服务说明', NULL, 31),
(9, '宿舍水电费在哪里查询？', '宿舍水电费可通过学校生活服务平台或宿舍管理渠道查询。', 3, '人工整理', NULL, 14),
(10, '宿舍网络故障怎么办？', '先检查本地设备和网线，如仍无法使用，可联系校园网络服务部门报修。', 3, '人工整理', NULL, 15),
(11, '校园卡丢了怎么办？', '应尽快挂失校园卡，再到校园卡服务中心或指定地点补办。', 4, '校园卡中心说明', NULL, 33),
(12, '校园卡怎么充值？', '校园卡可通过线上平台、自助终端或校园卡服务窗口充值。', 4, '校园卡中心说明', NULL, 22),
(13, '校园卡补办需要带什么？', '通常需要本人身份证明或学生证，具体材料以校园卡服务中心要求为准。', 4, '校园卡中心说明', NULL, 16),
(14, '学校哪里可以打印？', '教学楼、图书馆周边或校内文印点通常可以打印，开放时间以现场公告为准。', 5, '人工整理', NULL, 24),
(15, '打印店周末开门吗？', '部分校内文印点周末开放，建议提前查看营业时间或电话确认。', 5, '人工整理', NULL, 11),
(16, '怎么加入社团？', '关注学校社团招新通知，在招新期间按社团要求报名和面试。', 6, '社团招新说明', NULL, 18),
(17, '社团招新一般什么时候？', '社团招新通常集中在新学期初，具体时间以校团委或社联通知为准。', 6, '社团招新说明', NULL, 13),
(18, '校历在哪里查看？', '校历一般可在教务处网站、学校官网通知或学生服务平台查看。', 7, '教务处通知', NULL, 20),
(19, '考试周一般在什么时候？', '考试周通常安排在学期末，具体考试时间以教务系统和学院通知为准。', 7, '教务处通知', NULL, 12),
(20, '寒暑假放假时间在哪里查？', '寒暑假安排以学校发布的校历和放假通知为准，建议关注教务处或学校官网。', 7, '学校官网通知', NULL, 15);

INSERT OR IGNORE INTO admin (id, username, password_hash, display_name, role) VALUES
(1, 'admin', 'admin123', '系统管理员', 'ADMIN');

INSERT OR IGNORE INTO contribution (id, question, suggested_answer, category_id, status) VALUES
(1, '宿舍水电费在哪里查询？', '可通过学校生活服务平台查询。', 3, 'PENDING'),
(2, '选课系统进不去怎么办？', '可先检查网络和浏览器，再联系教务系统管理员。', 7, 'PENDING');

INSERT OR IGNORE INTO query_log (id, query_text, matched_faq_id, found) VALUES
(1, '图书馆什么时候开放', 5, 1),
(2, '校园卡丢了怎么办', 11, 1),
(3, '宿舍怎么报修', 8, 1);

INSERT OR REPLACE INTO knowledge_doc (id, title, content, category, source_url, source_type) VALUES
(1, '图书馆开放时间说明', '图书馆工作日和周末开放时间以图书馆官网公告为准，考试周可能延长开放时间，节假日开放安排会提前通知。', '图书馆', 'https://example.edu/library/open-time', 'OFFICIAL'),
(2, '校园卡补办流程', '校园卡丢失后应先通过线上平台或校园卡服务中心挂失，再携带本人有效证件到服务窗口办理补办。', '校园卡', 'https://example.edu/card/reissue', 'OFFICIAL'),
(3, '宿舍报修办理说明', '宿舍水电、门锁、家具、网络等问题可通过后勤报修平台提交，填写宿舍楼栋、房间号和故障描述后等待处理。', '宿舍报修', 'https://example.edu/logistics/repair', 'CRAWLER'),
(4, '食堂营业时间汇总', '校内食堂一般覆盖早餐、午餐和晚餐时段，部分窗口提供夜宵服务，具体营业时间以各食堂现场公告为准。', '食堂', 'https://example.edu/canteen/time', 'IMPORT'),
(5, '学生社团联系方式', '学生可通过校团委公告、社团联合会公众号或社团招新现场获取社团联系方式和报名渠道。', '社团', 'https://example.edu/club/contact', 'MANUAL');

INSERT OR REPLACE INTO import_history (id, file_name, import_type, success_count, fail_count, message) VALUES
(1, 'week4-knowledge-doc-sample.csv', 'KNOWLEDGE_DOC', 5, 0, '导入知识资料测试数据 5 条'),
(2, 'official-site-offline-pages', 'OFFLINE_CRAWLER', 2, 0, '离线官网资料解析测试记录');
